<application>
  <component name="ProjectJdkTable">
    <jdk version="2">
      <name value="openjdk-19" />
      <type value="JavaSDK" />
      <version value="Oracle OpenJDK version 19.0.1" />
      <homePath value="$USER_HOME$/.jdks/openjdk-19.0.1" />
      <roots>
        <annotationsPath>
          <root type="composite">
            <root url="jar://$APPLICATION_HOME_DIR$/plugins/java/lib/resources/jdkAnnotations.jar!/" type="simple" />
          </root>
        </annotationsPath>
        <classPath>
          <root type="composite">
            <root url="jrt://C:/Users/wuyang/.jdks/openjdk-19.0.1!/java.base" type="simple" />
            <root url="jrt://C:/Users/wuyang/.jdks/openjdk-19.0.1!/java.compiler" type="simple" />
            <root url="jrt://C:/Users/wuyang/.jdks/openjdk-19.0.1!/java.datatransfer" type="simple" />
            <root url="jrt://C:/Users/wuyang/.jdks/openjdk-19.0.1!/java.desktop" type="simple" />
            <root url="jrt://C:/Users/wuyang/.jdks/openjdk-19.0.1!/java.instrument" type="simple" />
            <root url="jrt://C:/Users/wuyang/.jdks/openjdk-19.0.1!/java.logging" type="simple" />
            <root url="jrt://C:/Users/wuyang/.jdks/openjdk-19.0.1!/java.management" type="simple" />
            <root url="jrt://C:/Users/wuyang/.jdks/openjdk-19.0.1!/java.management.rmi" type="simple" />
            <root url="jrt://C:/Users/wuyang/.jdks/openjdk-19.0.1!/java.naming" type="simple" />
            <root url="jrt://C:/Users/wuyang/.jdks/openjdk-19.0.1!/java.net.http" type="simple" />
            <root url="jrt://C:/Users/wuyang/.jdks/openjdk-19.0.1!/java.prefs" type="simple" />
            <root url="jrt://C:/Users/wuyang/.jdks/openjdk-19.0.1!/java.rmi" type="simple" />
            <root url="jrt://C:/Users/wuyang/.jdks/openjdk-19.0.1!/java.scripting" type="simple" />
            <root url="jrt://C:/Users/wuyang/.jdks/openjdk-19.0.1!/java.se" type="simple" />
            <root url="jrt://C:/Users/wuyang/.jdks/openjdk-19.0.1!/java.security.jgss" type="simple" />
            <root url="jrt://C:/Users/wuyang/.jdks/openjdk-19.0.1!/java.security.sasl" type="simple" />
            <root url="jrt://C:/Users/wuyang/.jdks/openjdk-19.0.1!/java.smartcardio" type="simple" />
            <root url="jrt://C:/Users/wuyang/.jdks/openjdk-19.0.1!/java.sql" type="simple" />
            <root url="jrt://C:/Users/wuyang/.jdks/openjdk-19.0.1!/java.sql.rowset" type="simple" />
            <root url="jrt://C:/Users/wuyang/.jdks/openjdk-19.0.1!/java.transaction.xa" type="simple" />
            <root url="jrt://C:/Users/wuyang/.jdks/openjdk-19.0.1!/java.xml" type="simple" />
            <root url="jrt://C:/Users/wuyang/.jdks/openjdk-19.0.1!/java.xml.crypto" type="simple" />
            <root url="jrt://C:/Users/wuyang/.jdks/openjdk-19.0.1!/jdk.accessibility" type="simple" />
            <root url="jrt://C:/Users/wuyang/.jdks/openjdk-19.0.1!/jdk.attach" type="simple" />
            <root url="jrt://C:/Users/wuyang/.jdks/openjdk-19.0.1!/jdk.charsets" type="simple" />
            <root url="jrt://C:/Users/wuyang/.jdks/openjdk-19.0.1!/jdk.compiler" type="simple" />
            <root url="jrt://C:/Users/wuyang/.jdks/openjdk-19.0.1!/jdk.crypto.cryptoki" type="simple" />
            <root url="jrt://C:/Users/wuyang/.jdks/openjdk-19.0.1!/jdk.crypto.ec" type="simple" />
            <root url="jrt://C:/Users/wuyang/.jdks/openjdk-19.0.1!/jdk.crypto.mscapi" type="simple" />
            <root url="jrt://C:/Users/wuyang/.jdks/openjdk-19.0.1!/jdk.dynalink" type="simple" />
            <root url="jrt://C:/Users/wuyang/.jdks/openjdk-19.0.1!/jdk.editpad" type="simple" />
            <root url="jrt://C:/Users/wuyang/.jdks/openjdk-19.0.1!/jdk.hotspot.agent" type="simple" />
            <root url="jrt://C:/Users/wuyang/.jdks/openjdk-19.0.1!/jdk.httpserver" type="simple" />
            <root url="jrt://C:/Users/wuyang/.jdks/openjdk-19.0.1!/jdk.incubator.concurrent" type="simple" />
            <root url="jrt://C:/Users/wuyang/.jdks/openjdk-19.0.1!/jdk.incubator.vector" type="simple" />
            <root url="jrt://C:/Users/wuyang/.jdks/openjdk-19.0.1!/jdk.internal.ed" type="simple" />
            <root url="jrt://C:/Users/wuyang/.jdks/openjdk-19.0.1!/jdk.internal.jvmstat" type="simple" />
            <root url="jrt://C:/Users/wuyang/.jdks/openjdk-19.0.1!/jdk.internal.le" type="simple" />
            <root url="jrt://C:/Users/wuyang/.jdks/openjdk-19.0.1!/jdk.internal.opt" type="simple" />
            <root url="jrt://C:/Users/wuyang/.jdks/openjdk-19.0.1!/jdk.internal.vm.ci" type="simple" />
            <root url="jrt://C:/Users/wuyang/.jdks/openjdk-19.0.1!/jdk.internal.vm.compiler" type="simple" />
            <root url="jrt://C:/Users/wuyang/.jdks/openjdk-19.0.1!/jdk.internal.vm.compiler.management" type="simple" />
            <root url="jrt://C:/Users/wuyang/.jdks/openjdk-19.0.1!/jdk.jartool" type="simple" />
            <root url="jrt://C:/Users/wuyang/.jdks/openjdk-19.0.1!/jdk.javadoc" type="simple" />
            <root url="jrt://C:/Users/wuyang/.jdks/openjdk-19.0.1!/jdk.jcmd" type="simple" />
            <root url="jrt://C:/Users/wuyang/.jdks/openjdk-19.0.1!/jdk.jconsole" type="simple" />
            <root url="jrt://C:/Users/wuyang/.jdks/openjdk-19.0.1!/jdk.jdeps" type="simple" />
            <root url="jrt://C:/Users/wuyang/.jdks/openjdk-19.0.1!/jdk.jdi" type="simple" />
            <root url="jrt://C:/Users/wuyang/.jdks/openjdk-19.0.1!/jdk.jdwp.agent" type="simple" />
            <root url="jrt://C:/Users/wuyang/.jdks/openjdk-19.0.1!/jdk.jfr" type="simple" />
            <root url="jrt://C:/Users/wuyang/.jdks/openjdk-19.0.1!/jdk.jlink" type="simple" />
            <root url="jrt://C:/Users/wuyang/.jdks/openjdk-19.0.1!/jdk.jpackage" type="simple" />
            <root url="jrt://C:/Users/wuyang/.jdks/openjdk-19.0.1!/jdk.jshell" type="simple" />
            <root url="jrt://C:/Users/wuyang/.jdks/openjdk-19.0.1!/jdk.jsobject" type="simple" />
            <root url="jrt://C:/Users/wuyang/.jdks/openjdk-19.0.1!/jdk.jstatd" type="simple" />
            <root url="jrt://C:/Users/wuyang/.jdks/openjdk-19.0.1!/jdk.localedata" type="simple" />
            <root url="jrt://C:/Users/wuyang/.jdks/openjdk-19.0.1!/jdk.management" type="simple" />
            <root url="jrt://C:/Users/wuyang/.jdks/openjdk-19.0.1!/jdk.management.agent" type="simple" />
            <root url="jrt://C:/Users/wuyang/.jdks/openjdk-19.0.1!/jdk.management.jfr" type="simple" />
            <root url="jrt://C:/Users/wuyang/.jdks/openjdk-19.0.1!/jdk.naming.dns" type="simple" />
            <root url="jrt://C:/Users/wuyang/.jdks/openjdk-19.0.1!/jdk.naming.rmi" type="simple" />
            <root url="jrt://C:/Users/wuyang/.jdks/openjdk-19.0.1!/jdk.net" type="simple" />
            <root url="jrt://C:/Users/wuyang/.jdks/openjdk-19.0.1!/jdk.nio.mapmode" type="simple" />
            <root url="jrt://C:/Users/wuyang/.jdks/openjdk-19.0.1!/jdk.random" type="simple" />
            <root url="jrt://C:/Users/wuyang/.jdks/openjdk-19.0.1!/jdk.sctp" type="simple" />
            <root url="jrt://C:/Users/wuyang/.jdks/openjdk-19.0.1!/jdk.security.auth" type="simple" />
            <root url="jrt://C:/Users/wuyang/.jdks/openjdk-19.0.1!/jdk.security.jgss" type="simple" />
            <root url="jrt://C:/Users/wuyang/.jdks/openjdk-19.0.1!/jdk.unsupported" type="simple" />
            <root url="jrt://C:/Users/wuyang/.jdks/openjdk-19.0.1!/jdk.unsupported.desktop" type="simple" />
            <root url="jrt://C:/Users/wuyang/.jdks/openjdk-19.0.1!/jdk.xml.dom" type="simple" />
            <root url="jrt://C:/Users/wuyang/.jdks/openjdk-19.0.1!/jdk.zipfs" type="simple" />
          </root>
        </classPath>
        <javadocPath>
          <root type="composite" />
        </javadocPath>
        <sourcePath>
          <root type="composite">
            <root url="jar://$USER_HOME$/.jdks/openjdk-19.0.1/lib/src.zip!/java.se" type="simple" />
            <root url="jar://$USER_HOME$/.jdks/openjdk-19.0.1/lib/src.zip!/jdk.jdi" type="simple" />
            <root url="jar://$USER_HOME$/.jdks/openjdk-19.0.1/lib/src.zip!/jdk.jfr" type="simple" />
            <root url="jar://$USER_HOME$/.jdks/openjdk-19.0.1/lib/src.zip!/jdk.net" type="simple" />
            <root url="jar://$USER_HOME$/.jdks/openjdk-19.0.1/lib/src.zip!/java.rmi" type="simple" />
            <root url="jar://$USER_HOME$/.jdks/openjdk-19.0.1/lib/src.zip!/java.sql" type="simple" />
            <root url="jar://$USER_HOME$/.jdks/openjdk-19.0.1/lib/src.zip!/java.xml" type="simple" />
            <root url="jar://$USER_HOME$/.jdks/openjdk-19.0.1/lib/src.zip!/jdk.jcmd" type="simple" />
            <root url="jar://$USER_HOME$/.jdks/openjdk-19.0.1/lib/src.zip!/jdk.sctp" type="simple" />
            <root url="jar://$USER_HOME$/.jdks/openjdk-19.0.1/lib/src.zip!/java.base" type="simple" />
            <root url="jar://$USER_HOME$/.jdks/openjdk-19.0.1/lib/src.zip!/jdk.jdeps" type="simple" />
            <root url="jar://$USER_HOME$/.jdks/openjdk-19.0.1/lib/src.zip!/jdk.jlink" type="simple" />
            <root url="jar://$USER_HOME$/.jdks/openjdk-19.0.1/lib/src.zip!/jdk.zipfs" type="simple" />
            <root url="jar://$USER_HOME$/.jdks/openjdk-19.0.1/lib/src.zip!/java.prefs" type="simple" />
            <root url="jar://$USER_HOME$/.jdks/openjdk-19.0.1/lib/src.zip!/jdk.attach" type="simple" />
            <root url="jar://$USER_HOME$/.jdks/openjdk-19.0.1/lib/src.zip!/jdk.jshell" type="simple" />
            <root url="jar://$USER_HOME$/.jdks/openjdk-19.0.1/lib/src.zip!/jdk.jstatd" type="simple" />
            <root url="jar://$USER_HOME$/.jdks/openjdk-19.0.1/lib/src.zip!/jdk.random" type="simple" />
            <root url="jar://$USER_HOME$/.jdks/openjdk-19.0.1/lib/src.zip!/java.naming" type="simple" />
            <root url="jar://$USER_HOME$/.jdks/openjdk-19.0.1/lib/src.zip!/jdk.editpad" type="simple" />
            <root url="jar://$USER_HOME$/.jdks/openjdk-19.0.1/lib/src.zip!/jdk.jartool" type="simple" />
            <root url="jar://$USER_HOME$/.jdks/openjdk-19.0.1/lib/src.zip!/jdk.javadoc" type="simple" />
            <root url="jar://$USER_HOME$/.jdks/openjdk-19.0.1/lib/src.zip!/jdk.xml.dom" type="simple" />
            <root url="jar://$USER_HOME$/.jdks/openjdk-19.0.1/lib/src.zip!/java.desktop" type="simple" />
            <root url="jar://$USER_HOME$/.jdks/openjdk-19.0.1/lib/src.zip!/java.logging" type="simple" />
            <root url="jar://$USER_HOME$/.jdks/openjdk-19.0.1/lib/src.zip!/jdk.charsets" type="simple" />
            <root url="jar://$USER_HOME$/.jdks/openjdk-19.0.1/lib/src.zip!/jdk.compiler" type="simple" />
            <root url="jar://$USER_HOME$/.jdks/openjdk-19.0.1/lib/src.zip!/jdk.dynalink" type="simple" />
            <root url="jar://$USER_HOME$/.jdks/openjdk-19.0.1/lib/src.zip!/jdk.jconsole" type="simple" />
            <root url="jar://$USER_HOME$/.jdks/openjdk-19.0.1/lib/src.zip!/jdk.jpackage" type="simple" />
            <root url="jar://$USER_HOME$/.jdks/openjdk-19.0.1/lib/src.zip!/jdk.jsobject" type="simple" />
            <root url="jar://$USER_HOME$/.jdks/openjdk-19.0.1/lib/src.zip!/java.compiler" type="simple" />
            <root url="jar://$USER_HOME$/.jdks/openjdk-19.0.1/lib/src.zip!/java.net.http" type="simple" />
            <root url="jar://$USER_HOME$/.jdks/openjdk-19.0.1/lib/src.zip!/jdk.crypto.ec" type="simple" />
            <root url="jar://$USER_HOME$/.jdks/openjdk-19.0.1/lib/src.zip!/java.scripting" type="simple" />
            <root url="jar://$USER_HOME$/.jdks/openjdk-19.0.1/lib/src.zip!/jdk.httpserver" type="simple" />
            <root url="jar://$USER_HOME$/.jdks/openjdk-19.0.1/lib/src.zip!/jdk.jdwp.agent" type="simple" />
            <root url="jar://$USER_HOME$/.jdks/openjdk-19.0.1/lib/src.zip!/jdk.localedata" type="simple" />
            <root url="jar://$USER_HOME$/.jdks/openjdk-19.0.1/lib/src.zip!/jdk.management" type="simple" />
            <root url="jar://$USER_HOME$/.jdks/openjdk-19.0.1/lib/src.zip!/jdk.naming.dns" type="simple" />
            <root url="jar://$USER_HOME$/.jdks/openjdk-19.0.1/lib/src.zip!/jdk.naming.rmi" type="simple" />
            <root url="jar://$USER_HOME$/.jdks/openjdk-19.0.1/lib/src.zip!/java.instrument" type="simple" />
            <root url="jar://$USER_HOME$/.jdks/openjdk-19.0.1/lib/src.zip!/java.management" type="simple" />
            <root url="jar://$USER_HOME$/.jdks/openjdk-19.0.1/lib/src.zip!/java.sql.rowset" type="simple" />
            <root url="jar://$USER_HOME$/.jdks/openjdk-19.0.1/lib/src.zip!/java.xml.crypto" type="simple" />
            <root url="jar://$USER_HOME$/.jdks/openjdk-19.0.1/lib/src.zip!/jdk.internal.ed" type="simple" />
            <root url="jar://$USER_HOME$/.jdks/openjdk-19.0.1/lib/src.zip!/jdk.internal.le" type="simple" />
            <root url="jar://$USER_HOME$/.jdks/openjdk-19.0.1/lib/src.zip!/jdk.nio.mapmode" type="simple" />
            <root url="jar://$USER_HOME$/.jdks/openjdk-19.0.1/lib/src.zip!/jdk.unsupported" type="simple" />
            <root url="jar://$USER_HOME$/.jdks/openjdk-19.0.1/lib/src.zip!/java.smartcardio" type="simple" />
            <root url="jar://$USER_HOME$/.jdks/openjdk-19.0.1/lib/src.zip!/jdk.internal.opt" type="simple" />
            <root url="jar://$USER_HOME$/.jdks/openjdk-19.0.1/lib/src.zip!/java.datatransfer" type="simple" />
            <root url="jar://$USER_HOME$/.jdks/openjdk-19.0.1/lib/src.zip!/jdk.accessibility" type="simple" />
            <root url="jar://$USER_HOME$/.jdks/openjdk-19.0.1/lib/src.zip!/jdk.crypto.mscapi" type="simple" />
            <root url="jar://$USER_HOME$/.jdks/openjdk-19.0.1/lib/src.zip!/jdk.hotspot.agent" type="simple" />
            <root url="jar://$USER_HOME$/.jdks/openjdk-19.0.1/lib/src.zip!/jdk.security.auth" type="simple" />
            <root url="jar://$USER_HOME$/.jdks/openjdk-19.0.1/lib/src.zip!/jdk.security.jgss" type="simple" />
            <root url="jar://$USER_HOME$/.jdks/openjdk-19.0.1/lib/src.zip!/java.security.jgss" type="simple" />
            <root url="jar://$USER_HOME$/.jdks/openjdk-19.0.1/lib/src.zip!/java.security.sasl" type="simple" />
            <root url="jar://$USER_HOME$/.jdks/openjdk-19.0.1/lib/src.zip!/jdk.internal.vm.ci" type="simple" />
            <root url="jar://$USER_HOME$/.jdks/openjdk-19.0.1/lib/src.zip!/jdk.management.jfr" type="simple" />
            <root url="jar://$USER_HOME$/.jdks/openjdk-19.0.1/lib/src.zip!/java.management.rmi" type="simple" />
            <root url="jar://$USER_HOME$/.jdks/openjdk-19.0.1/lib/src.zip!/java.transaction.xa" type="simple" />
            <root url="jar://$USER_HOME$/.jdks/openjdk-19.0.1/lib/src.zip!/jdk.crypto.cryptoki" type="simple" />
            <root url="jar://$USER_HOME$/.jdks/openjdk-19.0.1/lib/src.zip!/jdk.incubator.vector" type="simple" />
            <root url="jar://$USER_HOME$/.jdks/openjdk-19.0.1/lib/src.zip!/jdk.internal.jvmstat" type="simple" />
            <root url="jar://$USER_HOME$/.jdks/openjdk-19.0.1/lib/src.zip!/jdk.management.agent" type="simple" />
            <root url="jar://$USER_HOME$/.jdks/openjdk-19.0.1/lib/src.zip!/jdk.unsupported.desktop" type="simple" />
            <root url="jar://$USER_HOME$/.jdks/openjdk-19.0.1/lib/src.zip!/jdk.incubator.concurrent" type="simple" />
            <root url="jar://$USER_HOME$/.jdks/openjdk-19.0.1/lib/src.zip!/jdk.internal.vm.compiler" type="simple" />
            <root url="jar://$USER_HOME$/.jdks/openjdk-19.0.1/lib/src.zip!/jdk.internal.vm.compiler.management" type="simple" />
          </root>
        </sourcePath>
      </roots>
      <additional />
    </jdk>
    <jdk version="2">
      <name value="11" />
      <type value="JavaSDK" />
      <version value="Oracle OpenJDK version 11.0.17" />
      <homePath value="C:\Program Files\Java\jdk-11.0.17" />
      <roots>
        <annotationsPath>
          <root type="composite">
            <root url="jar://$APPLICATION_HOME_DIR$/plugins/java/lib/resources/jdkAnnotations.jar!/" type="simple" />
          </root>
        </annotationsPath>
        <classPath>
          <root type="composite">
            <root url="jrt://C:/Program Files/Java/jdk-11.0.17!/java.base" type="simple" />
            <root url="jrt://C:/Program Files/Java/jdk-11.0.17!/java.compiler" type="simple" />
            <root url="jrt://C:/Program Files/Java/jdk-11.0.17!/java.datatransfer" type="simple" />
            <root url="jrt://C:/Program Files/Java/jdk-11.0.17!/java.desktop" type="simple" />
            <root url="jrt://C:/Program Files/Java/jdk-11.0.17!/java.instrument" type="simple" />
            <root url="jrt://C:/Program Files/Java/jdk-11.0.17!/java.logging" type="simple" />
            <root url="jrt://C:/Program Files/Java/jdk-11.0.17!/java.management" type="simple" />
            <root url="jrt://C:/Program Files/Java/jdk-11.0.17!/java.management.rmi" type="simple" />
            <root url="jrt://C:/Program Files/Java/jdk-11.0.17!/java.naming" type="simple" />
            <root url="jrt://C:/Program Files/Java/jdk-11.0.17!/java.net.http" type="simple" />
            <root url="jrt://C:/Program Files/Java/jdk-11.0.17!/java.prefs" type="simple" />
            <root url="jrt://C:/Program Files/Java/jdk-11.0.17!/java.rmi" type="simple" />
            <root url="jrt://C:/Program Files/Java/jdk-11.0.17!/java.scripting" type="simple" />
            <root url="jrt://C:/Program Files/Java/jdk-11.0.17!/java.se" type="simple" />
            <root url="jrt://C:/Program Files/Java/jdk-11.0.17!/java.security.jgss" type="simple" />
            <root url="jrt://C:/Program Files/Java/jdk-11.0.17!/java.security.sasl" type="simple" />
            <root url="jrt://C:/Program Files/Java/jdk-11.0.17!/java.smartcardio" type="simple" />
            <root url="jrt://C:/Program Files/Java/jdk-11.0.17!/java.sql" type="simple" />
            <root url="jrt://C:/Program Files/Java/jdk-11.0.17!/java.sql.rowset" type="simple" />
            <root url="jrt://C:/Program Files/Java/jdk-11.0.17!/java.transaction.xa" type="simple" />
            <root url="jrt://C:/Program Files/Java/jdk-11.0.17!/java.xml" type="simple" />
            <root url="jrt://C:/Program Files/Java/jdk-11.0.17!/java.xml.crypto" type="simple" />
            <root url="jrt://C:/Program Files/Java/jdk-11.0.17!/jdk.accessibility" type="simple" />
            <root url="jrt://C:/Program Files/Java/jdk-11.0.17!/jdk.attach" type="simple" />
            <root url="jrt://C:/Program Files/Java/jdk-11.0.17!/jdk.charsets" type="simple" />
            <root url="jrt://C:/Program Files/Java/jdk-11.0.17!/jdk.compiler" type="simple" />
            <root url="jrt://C:/Program Files/Java/jdk-11.0.17!/jdk.crypto.cryptoki" type="simple" />
            <root url="jrt://C:/Program Files/Java/jdk-11.0.17!/jdk.crypto.ec" type="simple" />
            <root url="jrt://C:/Program Files/Java/jdk-11.0.17!/jdk.crypto.mscapi" type="simple" />
            <root url="jrt://C:/Program Files/Java/jdk-11.0.17!/jdk.dynalink" type="simple" />
            <root url="jrt://C:/Program Files/Java/jdk-11.0.17!/jdk.editpad" type="simple" />
            <root url="jrt://C:/Program Files/Java/jdk-11.0.17!/jdk.hotspot.agent" type="simple" />
            <root url="jrt://C:/Program Files/Java/jdk-11.0.17!/jdk.httpserver" type="simple" />
            <root url="jrt://C:/Program Files/Java/jdk-11.0.17!/jdk.internal.ed" type="simple" />
            <root url="jrt://C:/Program Files/Java/jdk-11.0.17!/jdk.internal.jvmstat" type="simple" />
            <root url="jrt://C:/Program Files/Java/jdk-11.0.17!/jdk.internal.le" type="simple" />
            <root url="jrt://C:/Program Files/Java/jdk-11.0.17!/jdk.internal.opt" type="simple" />
            <root url="jrt://C:/Program Files/Java/jdk-11.0.17!/jdk.internal.vm.ci" type="simple" />
            <root url="jrt://C:/Program Files/Java/jdk-11.0.17!/jdk.internal.vm.compiler" type="simple" />
            <root url="jrt://C:/Program Files/Java/jdk-11.0.17!/jdk.internal.vm.compiler.management" type="simple" />
            <root url="jrt://C:/Program Files/Java/jdk-11.0.17!/jdk.jartool" type="simple" />
            <root url="jrt://C:/Program Files/Java/jdk-11.0.17!/jdk.javadoc" type="simple" />
            <root url="jrt://C:/Program Files/Java/jdk-11.0.17!/jdk.jcmd" type="simple" />
            <root url="jrt://C:/Program Files/Java/jdk-11.0.17!/jdk.jconsole" type="simple" />
            <root url="jrt://C:/Program Files/Java/jdk-11.0.17!/jdk.jdeps" type="simple" />
            <root url="jrt://C:/Program Files/Java/jdk-11.0.17!/jdk.jdi" type="simple" />
            <root url="jrt://C:/Program Files/Java/jdk-11.0.17!/jdk.jdwp.agent" type="simple" />
            <root url="jrt://C:/Program Files/Java/jdk-11.0.17!/jdk.jfr" type="simple" />
            <root url="jrt://C:/Program Files/Java/jdk-11.0.17!/jdk.jlink" type="simple" />
            <root url="jrt://C:/Program Files/Java/jdk-11.0.17!/jdk.jshell" type="simple" />
            <root url="jrt://C:/Program Files/Java/jdk-11.0.17!/jdk.jsobject" type="simple" />
            <root url="jrt://C:/Program Files/Java/jdk-11.0.17!/jdk.jstatd" type="simple" />
            <root url="jrt://C:/Program Files/Java/jdk-11.0.17!/jdk.localedata" type="simple" />
            <root url="jrt://C:/Program Files/Java/jdk-11.0.17!/jdk.management" type="simple" />
            <root url="jrt://C:/Program Files/Java/jdk-11.0.17!/jdk.management.agent" type="simple" />
            <root url="jrt://C:/Program Files/Java/jdk-11.0.17!/jdk.management.jfr" type="simple" />
            <root url="jrt://C:/Program Files/Java/jdk-11.0.17!/jdk.naming.dns" type="simple" />
            <root url="jrt://C:/Program Files/Java/jdk-11.0.17!/jdk.naming.ldap" type="simple" />
            <root url="jrt://C:/Program Files/Java/jdk-11.0.17!/jdk.naming.rmi" type="simple" />
            <root url="jrt://C:/Program Files/Java/jdk-11.0.17!/jdk.net" type="simple" />
            <root url="jrt://C:/Program Files/Java/jdk-11.0.17!/jdk.pack" type="simple" />
            <root url="jrt://C:/Program Files/Java/jdk-11.0.17!/jdk.rmic" type="simple" />
            <root url="jrt://C:/Program Files/Java/jdk-11.0.17!/jdk.scripting.nashorn" type="simple" />
            <root url="jrt://C:/Program Files/Java/jdk-11.0.17!/jdk.scripting.nashorn.shell" type="simple" />
            <root url="jrt://C:/Program Files/Java/jdk-11.0.17!/jdk.sctp" type="simple" />
            <root url="jrt://C:/Program Files/Java/jdk-11.0.17!/jdk.security.auth" type="simple" />
            <root url="jrt://C:/Program Files/Java/jdk-11.0.17!/jdk.security.jgss" type="simple" />
            <root url="jrt://C:/Program Files/Java/jdk-11.0.17!/jdk.unsupported" type="simple" />
            <root url="jrt://C:/Program Files/Java/jdk-11.0.17!/jdk.unsupported.desktop" type="simple" />
            <root url="jrt://C:/Program Files/Java/jdk-11.0.17!/jdk.xml.dom" type="simple" />
            <root url="jrt://C:/Program Files/Java/jdk-11.0.17!/jdk.zipfs" type="simple" />
          </root>
        </classPath>
        <javadocPath>
          <root type="composite" />
        </javadocPath>
        <sourcePath>
          <root type="composite">
            <root url="jar://C:/Program Files/Java/jdk-11.0.17/lib/src.zip!/java.se" type="simple" />
            <root url="jar://C:/Program Files/Java/jdk-11.0.17/lib/src.zip!/jdk.jdi" type="simple" />
            <root url="jar://C:/Program Files/Java/jdk-11.0.17/lib/src.zip!/jdk.jfr" type="simple" />
            <root url="jar://C:/Program Files/Java/jdk-11.0.17/lib/src.zip!/jdk.net" type="simple" />
            <root url="jar://C:/Program Files/Java/jdk-11.0.17/lib/src.zip!/java.rmi" type="simple" />
            <root url="jar://C:/Program Files/Java/jdk-11.0.17/lib/src.zip!/java.sql" type="simple" />
            <root url="jar://C:/Program Files/Java/jdk-11.0.17/lib/src.zip!/java.xml" type="simple" />
            <root url="jar://C:/Program Files/Java/jdk-11.0.17/lib/src.zip!/jdk.jcmd" type="simple" />
            <root url="jar://C:/Program Files/Java/jdk-11.0.17/lib/src.zip!/jdk.pack" type="simple" />
            <root url="jar://C:/Program Files/Java/jdk-11.0.17/lib/src.zip!/jdk.rmic" type="simple" />
            <root url="jar://C:/Program Files/Java/jdk-11.0.17/lib/src.zip!/jdk.sctp" type="simple" />
            <root url="jar://C:/Program Files/Java/jdk-11.0.17/lib/src.zip!/java.base" type="simple" />
            <root url="jar://C:/Program Files/Java/jdk-11.0.17/lib/src.zip!/jdk.jdeps" type="simple" />
            <root url="jar://C:/Program Files/Java/jdk-11.0.17/lib/src.zip!/jdk.jlink" type="simple" />
            <root url="jar://C:/Program Files/Java/jdk-11.0.17/lib/src.zip!/jdk.zipfs" type="simple" />
            <root url="jar://C:/Program Files/Java/jdk-11.0.17/lib/src.zip!/java.prefs" type="simple" />
            <root url="jar://C:/Program Files/Java/jdk-11.0.17/lib/src.zip!/jdk.attach" type="simple" />
            <root url="jar://C:/Program Files/Java/jdk-11.0.17/lib/src.zip!/jdk.jshell" type="simple" />
            <root url="jar://C:/Program Files/Java/jdk-11.0.17/lib/src.zip!/jdk.jstatd" type="simple" />
            <root url="jar://C:/Program Files/Java/jdk-11.0.17/lib/src.zip!/java.naming" type="simple" />
            <root url="jar://C:/Program Files/Java/jdk-11.0.17/lib/src.zip!/jdk.editpad" type="simple" />
            <root url="jar://C:/Program Files/Java/jdk-11.0.17/lib/src.zip!/jdk.jartool" type="simple" />
            <root url="jar://C:/Program Files/Java/jdk-11.0.17/lib/src.zip!/jdk.javadoc" type="simple" />
            <root url="jar://C:/Program Files/Java/jdk-11.0.17/lib/src.zip!/jdk.xml.dom" type="simple" />
            <root url="jar://C:/Program Files/Java/jdk-11.0.17/lib/src.zip!/java.desktop" type="simple" />
            <root url="jar://C:/Program Files/Java/jdk-11.0.17/lib/src.zip!/java.logging" type="simple" />
            <root url="jar://C:/Program Files/Java/jdk-11.0.17/lib/src.zip!/jdk.charsets" type="simple" />
            <root url="jar://C:/Program Files/Java/jdk-11.0.17/lib/src.zip!/jdk.compiler" type="simple" />
            <root url="jar://C:/Program Files/Java/jdk-11.0.17/lib/src.zip!/jdk.dynalink" type="simple" />
            <root url="jar://C:/Program Files/Java/jdk-11.0.17/lib/src.zip!/jdk.jconsole" type="simple" />
            <root url="jar://C:/Program Files/Java/jdk-11.0.17/lib/src.zip!/jdk.jsobject" type="simple" />
            <root url="jar://C:/Program Files/Java/jdk-11.0.17/lib/src.zip!/java.compiler" type="simple" />
            <root url="jar://C:/Program Files/Java/jdk-11.0.17/lib/src.zip!/java.net.http" type="simple" />
            <root url="jar://C:/Program Files/Java/jdk-11.0.17/lib/src.zip!/jdk.crypto.ec" type="simple" />
            <root url="jar://C:/Program Files/Java/jdk-11.0.17/lib/src.zip!/java.scripting" type="simple" />
            <root url="jar://C:/Program Files/Java/jdk-11.0.17/lib/src.zip!/jdk.httpserver" type="simple" />
            <root url="jar://C:/Program Files/Java/jdk-11.0.17/lib/src.zip!/jdk.jdwp.agent" type="simple" />
            <root url="jar://C:/Program Files/Java/jdk-11.0.17/lib/src.zip!/jdk.localedata" type="simple" />
            <root url="jar://C:/Program Files/Java/jdk-11.0.17/lib/src.zip!/jdk.management" type="simple" />
            <root url="jar://C:/Program Files/Java/jdk-11.0.17/lib/src.zip!/jdk.naming.dns" type="simple" />
            <root url="jar://C:/Program Files/Java/jdk-11.0.17/lib/src.zip!/jdk.naming.rmi" type="simple" />
            <root url="jar://C:/Program Files/Java/jdk-11.0.17/lib/src.zip!/java.instrument" type="simple" />
            <root url="jar://C:/Program Files/Java/jdk-11.0.17/lib/src.zip!/java.management" type="simple" />
            <root url="jar://C:/Program Files/Java/jdk-11.0.17/lib/src.zip!/java.sql.rowset" type="simple" />
            <root url="jar://C:/Program Files/Java/jdk-11.0.17/lib/src.zip!/java.xml.crypto" type="simple" />
            <root url="jar://C:/Program Files/Java/jdk-11.0.17/lib/src.zip!/jdk.internal.ed" type="simple" />
            <root url="jar://C:/Program Files/Java/jdk-11.0.17/lib/src.zip!/jdk.internal.le" type="simple" />
            <root url="jar://C:/Program Files/Java/jdk-11.0.17/lib/src.zip!/jdk.naming.ldap" type="simple" />
            <root url="jar://C:/Program Files/Java/jdk-11.0.17/lib/src.zip!/jdk.unsupported" type="simple" />
            <root url="jar://C:/Program Files/Java/jdk-11.0.17/lib/src.zip!/java.smartcardio" type="simple" />
            <root url="jar://C:/Program Files/Java/jdk-11.0.17/lib/src.zip!/jdk.internal.opt" type="simple" />
            <root url="jar://C:/Program Files/Java/jdk-11.0.17/lib/src.zip!/java.datatransfer" type="simple" />
            <root url="jar://C:/Program Files/Java/jdk-11.0.17/lib/src.zip!/jdk.accessibility" type="simple" />
            <root url="jar://C:/Program Files/Java/jdk-11.0.17/lib/src.zip!/jdk.crypto.mscapi" type="simple" />
            <root url="jar://C:/Program Files/Java/jdk-11.0.17/lib/src.zip!/jdk.hotspot.agent" type="simple" />
            <root url="jar://C:/Program Files/Java/jdk-11.0.17/lib/src.zip!/jdk.security.auth" type="simple" />
            <root url="jar://C:/Program Files/Java/jdk-11.0.17/lib/src.zip!/jdk.security.jgss" type="simple" />
            <root url="jar://C:/Program Files/Java/jdk-11.0.17/lib/src.zip!/java.security.jgss" type="simple" />
            <root url="jar://C:/Program Files/Java/jdk-11.0.17/lib/src.zip!/java.security.sasl" type="simple" />
            <root url="jar://C:/Program Files/Java/jdk-11.0.17/lib/src.zip!/jdk.internal.vm.ci" type="simple" />
            <root url="jar://C:/Program Files/Java/jdk-11.0.17/lib/src.zip!/jdk.management.jfr" type="simple" />
            <root url="jar://C:/Program Files/Java/jdk-11.0.17/lib/src.zip!/java.management.rmi" type="simple" />
            <root url="jar://C:/Program Files/Java/jdk-11.0.17/lib/src.zip!/java.transaction.xa" type="simple" />
            <root url="jar://C:/Program Files/Java/jdk-11.0.17/lib/src.zip!/jdk.crypto.cryptoki" type="simple" />
            <root url="jar://C:/Program Files/Java/jdk-11.0.17/lib/src.zip!/jdk.internal.jvmstat" type="simple" />
            <root url="jar://C:/Program Files/Java/jdk-11.0.17/lib/src.zip!/jdk.management.agent" type="simple" />
            <root url="jar://C:/Program Files/Java/jdk-11.0.17/lib/src.zip!/jdk.scripting.nashorn" type="simple" />
            <root url="jar://C:/Program Files/Java/jdk-11.0.17/lib/src.zip!/jdk.unsupported.desktop" type="simple" />
            <root url="jar://C:/Program Files/Java/jdk-11.0.17/lib/src.zip!/jdk.internal.vm.compiler" type="simple" />
            <root url="jar://C:/Program Files/Java/jdk-11.0.17/lib/src.zip!/jdk.scripting.nashorn.shell" type="simple" />
            <root url="jar://C:/Program Files/Java/jdk-11.0.17/lib/src.zip!/jdk.internal.vm.compiler.management" type="simple" />
          </root>
        </sourcePath>
      </roots>
      <additional />
    </jdk>
    <jdk version="2">
      <name value="19" />
      <type value="JavaSDK" />
      <version value="Oracle OpenJDK version 19.0.1" />
      <homePath value="C:/Program Files/Java/jdk-19" />
      <roots>
        <annotationsPath>
          <root type="composite">
            <root url="jar://$APPLICATION_HOME_DIR$/plugins/java/lib/resources/jdkAnnotations.jar!/" type="simple" />
          </root>
        </annotationsPath>
        <classPath>
          <root type="composite">
            <root url="jrt://C:/Program Files/Java/jdk-19!/java.base" type="simple" />
            <root url="jrt://C:/Program Files/Java/jdk-19!/java.compiler" type="simple" />
            <root url="jrt://C:/Program Files/Java/jdk-19!/java.datatransfer" type="simple" />
            <root url="jrt://C:/Program Files/Java/jdk-19!/java.desktop" type="simple" />
            <root url="jrt://C:/Program Files/Java/jdk-19!/java.instrument" type="simple" />
            <root url="jrt://C:/Program Files/Java/jdk-19!/java.logging" type="simple" />
            <root url="jrt://C:/Program Files/Java/jdk-19!/java.management" type="simple" />
            <root url="jrt://C:/Program Files/Java/jdk-19!/java.management.rmi" type="simple" />
            <root url="jrt://C:/Program Files/Java/jdk-19!/java.naming" type="simple" />
            <root url="jrt://C:/Program Files/Java/jdk-19!/java.net.http" type="simple" />
            <root url="jrt://C:/Program Files/Java/jdk-19!/java.prefs" type="simple" />
            <root url="jrt://C:/Program Files/Java/jdk-19!/java.rmi" type="simple" />
            <root url="jrt://C:/Program Files/Java/jdk-19!/java.scripting" type="simple" />
            <root url="jrt://C:/Program Files/Java/jdk-19!/java.se" type="simple" />
            <root url="jrt://C:/Program Files/Java/jdk-19!/java.security.jgss" type="simple" />
            <root url="jrt://C:/Program Files/Java/jdk-19!/java.security.sasl" type="simple" />
            <root url="jrt://C:/Program Files/Java/jdk-19!/java.smartcardio" type="simple" />
            <root url="jrt://C:/Program Files/Java/jdk-19!/java.sql" type="simple" />
            <root url="jrt://C:/Program Files/Java/jdk-19!/java.sql.rowset" type="simple" />
            <root url="jrt://C:/Program Files/Java/jdk-19!/java.transaction.xa" type="simple" />
            <root url="jrt://C:/Program Files/Java/jdk-19!/java.xml" type="simple" />
            <root url="jrt://C:/Program Files/Java/jdk-19!/java.xml.crypto" type="simple" />
            <root url="jrt://C:/Program Files/Java/jdk-19!/jdk.accessibility" type="simple" />
            <root url="jrt://C:/Program Files/Java/jdk-19!/jdk.attach" type="simple" />
            <root url="jrt://C:/Program Files/Java/jdk-19!/jdk.charsets" type="simple" />
            <root url="jrt://C:/Program Files/Java/jdk-19!/jdk.compiler" type="simple" />
            <root url="jrt://C:/Program Files/Java/jdk-19!/jdk.crypto.cryptoki" type="simple" />
            <root url="jrt://C:/Program Files/Java/jdk-19!/jdk.crypto.ec" type="simple" />
            <root url="jrt://C:/Program Files/Java/jdk-19!/jdk.crypto.mscapi" type="simple" />
            <root url="jrt://C:/Program Files/Java/jdk-19!/jdk.dynalink" type="simple" />
            <root url="jrt://C:/Program Files/Java/jdk-19!/jdk.editpad" type="simple" />
            <root url="jrt://C:/Program Files/Java/jdk-19!/jdk.hotspot.agent" type="simple" />
            <root url="jrt://C:/Program Files/Java/jdk-19!/jdk.httpserver" type="simple" />
            <root url="jrt://C:/Program Files/Java/jdk-19!/jdk.incubator.concurrent" type="simple" />
            <root url="jrt://C:/Program Files/Java/jdk-19!/jdk.incubator.vector" type="simple" />
            <root url="jrt://C:/Program Files/Java/jdk-19!/jdk.internal.ed" type="simple" />
            <root url="jrt://C:/Program Files/Java/jdk-19!/jdk.internal.jvmstat" type="simple" />
            <root url="jrt://C:/Program Files/Java/jdk-19!/jdk.internal.le" type="simple" />
            <root url="jrt://C:/Program Files/Java/jdk-19!/jdk.internal.opt" type="simple" />
            <root url="jrt://C:/Program Files/Java/jdk-19!/jdk.internal.vm.ci" type="simple" />
            <root url="jrt://C:/Program Files/Java/jdk-19!/jdk.internal.vm.compiler" type="simple" />
            <root url="jrt://C:/Program Files/Java/jdk-19!/jdk.internal.vm.compiler.management" type="simple" />
            <root url="jrt://C:/Program Files/Java/jdk-19!/jdk.jartool" type="simple" />
            <root url="jrt://C:/Program Files/Java/jdk-19!/jdk.javadoc" type="simple" />
            <root url="jrt://C:/Program Files/Java/jdk-19!/jdk.jcmd" type="simple" />
            <root url="jrt://C:/Program Files/Java/jdk-19!/jdk.jconsole" type="simple" />
            <root url="jrt://C:/Program Files/Java/jdk-19!/jdk.jdeps" type="simple" />
            <root url="jrt://C:/Program Files/Java/jdk-19!/jdk.jdi" type="simple" />
            <root url="jrt://C:/Program Files/Java/jdk-19!/jdk.jdwp.agent" type="simple" />
            <root url="jrt://C:/Program Files/Java/jdk-19!/jdk.jfr" type="simple" />
            <root url="jrt://C:/Program Files/Java/jdk-19!/jdk.jlink" type="simple" />
            <root url="jrt://C:/Program Files/Java/jdk-19!/jdk.jpackage" type="simple" />
            <root url="jrt://C:/Program Files/Java/jdk-19!/jdk.jshell" type="simple" />
            <root url="jrt://C:/Program Files/Java/jdk-19!/jdk.jsobject" type="simple" />
            <root url="jrt://C:/Program Files/Java/jdk-19!/jdk.jstatd" type="simple" />
            <root url="jrt://C:/Program Files/Java/jdk-19!/jdk.localedata" type="simple" />
            <root url="jrt://C:/Program Files/Java/jdk-19!/jdk.management" type="simple" />
            <root url="jrt://C:/Program Files/Java/jdk-19!/jdk.management.agent" type="simple" />
            <root url="jrt://C:/Program Files/Java/jdk-19!/jdk.management.jfr" type="simple" />
            <root url="jrt://C:/Program Files/Java/jdk-19!/jdk.naming.dns" type="simple" />
            <root url="jrt://C:/Program Files/Java/jdk-19!/jdk.naming.rmi" type="simple" />
            <root url="jrt://C:/Program Files/Java/jdk-19!/jdk.net" type="simple" />
            <root url="jrt://C:/Program Files/Java/jdk-19!/jdk.nio.mapmode" type="simple" />
            <root url="jrt://C:/Program Files/Java/jdk-19!/jdk.random" type="simple" />
            <root url="jrt://C:/Program Files/Java/jdk-19!/jdk.sctp" type="simple" />
            <root url="jrt://C:/Program Files/Java/jdk-19!/jdk.security.auth" type="simple" />
            <root url="jrt://C:/Program Files/Java/jdk-19!/jdk.security.jgss" type="simple" />
            <root url="jrt://C:/Program Files/Java/jdk-19!/jdk.unsupported" type="simple" />
            <root url="jrt://C:/Program Files/Java/jdk-19!/jdk.unsupported.desktop" type="simple" />
            <root url="jrt://C:/Program Files/Java/jdk-19!/jdk.xml.dom" type="simple" />
            <root url="jrt://C:/Program Files/Java/jdk-19!/jdk.zipfs" type="simple" />
          </root>
        </classPath>
        <javadocPath>
          <root type="composite" />
        </javadocPath>
        <sourcePath>
          <root type="composite">
            <root url="jar://C:/Program Files/Java/jdk-19/lib/src.zip!/java.se" type="simple" />
            <root url="jar://C:/Program Files/Java/jdk-19/lib/src.zip!/jdk.jdi" type="simple" />
            <root url="jar://C:/Program Files/Java/jdk-19/lib/src.zip!/jdk.jfr" type="simple" />
            <root url="jar://C:/Program Files/Java/jdk-19/lib/src.zip!/jdk.net" type="simple" />
            <root url="jar://C:/Program Files/Java/jdk-19/lib/src.zip!/java.rmi" type="simple" />
            <root url="jar://C:/Program Files/Java/jdk-19/lib/src.zip!/java.sql" type="simple" />
            <root url="jar://C:/Program Files/Java/jdk-19/lib/src.zip!/java.xml" type="simple" />
            <root url="jar://C:/Program Files/Java/jdk-19/lib/src.zip!/jdk.jcmd" type="simple" />
            <root url="jar://C:/Program Files/Java/jdk-19/lib/src.zip!/jdk.sctp" type="simple" />
            <root url="jar://C:/Program Files/Java/jdk-19/lib/src.zip!/java.base" type="simple" />
            <root url="jar://C:/Program Files/Java/jdk-19/lib/src.zip!/jdk.jdeps" type="simple" />
            <root url="jar://C:/Program Files/Java/jdk-19/lib/src.zip!/jdk.jlink" type="simple" />
            <root url="jar://C:/Program Files/Java/jdk-19/lib/src.zip!/jdk.zipfs" type="simple" />
            <root url="jar://C:/Program Files/Java/jdk-19/lib/src.zip!/java.prefs" type="simple" />
            <root url="jar://C:/Program Files/Java/jdk-19/lib/src.zip!/jdk.attach" type="simple" />
            <root url="jar://C:/Program Files/Java/jdk-19/lib/src.zip!/jdk.jshell" type="simple" />
            <root url="jar://C:/Program Files/Java/jdk-19/lib/src.zip!/jdk.jstatd" type="simple" />
            <root url="jar://C:/Program Files/Java/jdk-19/lib/src.zip!/jdk.random" type="simple" />
            <root url="jar://C:/Program Files/Java/jdk-19/lib/src.zip!/java.naming" type="simple" />
            <root url="jar://C:/Program Files/Java/jdk-19/lib/src.zip!/jdk.editpad" type="simple" />
            <root url="jar://C:/Program Files/Java/jdk-19/lib/src.zip!/jdk.jartool" type="simple" />
            <root url="jar://C:/Program Files/Java/jdk-19/lib/src.zip!/jdk.javadoc" type="simple" />
            <root url="jar://C:/Program Files/Java/jdk-19/lib/src.zip!/jdk.xml.dom" type="simple" />
            <root url="jar://C:/Program Files/Java/jdk-19/lib/src.zip!/java.desktop" type="simple" />
            <root url="jar://C:/Program Files/Java/jdk-19/lib/src.zip!/java.logging" type="simple" />
            <root url="jar://C:/Program Files/Java/jdk-19/lib/src.zip!/jdk.charsets" type="simple" />
            <root url="jar://C:/Program Files/Java/jdk-19/lib/src.zip!/jdk.compiler" type="simple" />
            <root url="jar://C:/Program Files/Java/jdk-19/lib/src.zip!/jdk.dynalink" type="simple" />
            <root url="jar://C:/Program Files/Java/jdk-19/lib/src.zip!/jdk.jconsole" type="simple" />
            <root url="jar://C:/Program Files/Java/jdk-19/lib/src.zip!/jdk.jpackage" type="simple" />
            <root url="jar://C:/Program Files/Java/jdk-19/lib/src.zip!/jdk.jsobject" type="simple" />
            <root url="jar://C:/Program Files/Java/jdk-19/lib/src.zip!/java.compiler" type="simple" />
            <root url="jar://C:/Program Files/Java/jdk-19/lib/src.zip!/java.net.http" type="simple" />
            <root url="jar://C:/Program Files/Java/jdk-19/lib/src.zip!/jdk.crypto.ec" type="simple" />
            <root url="jar://C:/Program Files/Java/jdk-19/lib/src.zip!/java.scripting" type="simple" />
            <root url="jar://C:/Program Files/Java/jdk-19/lib/src.zip!/jdk.httpserver" type="simple" />
            <root url="jar://C:/Program Files/Java/jdk-19/lib/src.zip!/jdk.jdwp.agent" type="simple" />
            <root url="jar://C:/Program Files/Java/jdk-19/lib/src.zip!/jdk.localedata" type="simple" />
            <root url="jar://C:/Program Files/Java/jdk-19/lib/src.zip!/jdk.management" type="simple" />
            <root url="jar://C:/Program Files/Java/jdk-19/lib/src.zip!/jdk.naming.dns" type="simple" />
            <root url="jar://C:/Program Files/Java/jdk-19/lib/src.zip!/jdk.naming.rmi" type="simple" />
            <root url="jar://C:/Program Files/Java/jdk-19/lib/src.zip!/java.instrument" type="simple" />
            <root url="jar://C:/Program Files/Java/jdk-19/lib/src.zip!/java.management" type="simple" />
            <root url="jar://C:/Program Files/Java/jdk-19/lib/src.zip!/java.sql.rowset" type="simple" />
            <root url="jar://C:/Program Files/Java/jdk-19/lib/src.zip!/java.xml.crypto" type="simple" />
            <root url="jar://C:/Program Files/Java/jdk-19/lib/src.zip!/jdk.internal.ed" type="simple" />
            <root url="jar://C:/Program Files/Java/jdk-19/lib/src.zip!/jdk.internal.le" type="simple" />
            <root url="jar://C:/Program Files/Java/jdk-19/lib/src.zip!/jdk.nio.mapmode" type="simple" />
            <root url="jar://C:/Program Files/Java/jdk-19/lib/src.zip!/jdk.unsupported" type="simple" />
            <root url="jar://C:/Program Files/Java/jdk-19/lib/src.zip!/java.smartcardio" type="simple" />
            <root url="jar://C:/Program Files/Java/jdk-19/lib/src.zip!/jdk.internal.opt" type="simple" />
            <root url="jar://C:/Program Files/Java/jdk-19/lib/src.zip!/java.datatransfer" type="simple" />
            <root url="jar://C:/Program Files/Java/jdk-19/lib/src.zip!/jdk.accessibility" type="simple" />
            <root url="jar://C:/Program Files/Java/jdk-19/lib/src.zip!/jdk.crypto.mscapi" type="simple" />
            <root url="jar://C:/Program Files/Java/jdk-19/lib/src.zip!/jdk.hotspot.agent" type="simple" />
            <root url="jar://C:/Program Files/Java/jdk-19/lib/src.zip!/jdk.security.auth" type="simple" />
            <root url="jar://C:/Program Files/Java/jdk-19/lib/src.zip!/jdk.security.jgss" type="simple" />
            <root url="jar://C:/Program Files/Java/jdk-19/lib/src.zip!/java.security.jgss" type="simple" />
            <root url="jar://C:/Program Files/Java/jdk-19/lib/src.zip!/java.security.sasl" type="simple" />
            <root url="jar://C:/Program Files/Java/jdk-19/lib/src.zip!/jdk.internal.vm.ci" type="simple" />
            <root url="jar://C:/Program Files/Java/jdk-19/lib/src.zip!/jdk.management.jfr" type="simple" />
            <root url="jar://C:/Program Files/Java/jdk-19/lib/src.zip!/java.management.rmi" type="simple" />
            <root url="jar://C:/Program Files/Java/jdk-19/lib/src.zip!/java.transaction.xa" type="simple" />
            <root url="jar://C:/Program Files/Java/jdk-19/lib/src.zip!/jdk.crypto.cryptoki" type="simple" />
            <root url="jar://C:/Program Files/Java/jdk-19/lib/src.zip!/jdk.incubator.vector" type="simple" />
            <root url="jar://C:/Program Files/Java/jdk-19/lib/src.zip!/jdk.internal.jvmstat" type="simple" />
            <root url="jar://C:/Program Files/Java/jdk-19/lib/src.zip!/jdk.management.agent" type="simple" />
            <root url="jar://C:/Program Files/Java/jdk-19/lib/src.zip!/jdk.unsupported.desktop" type="simple" />
            <root url="jar://C:/Program Files/Java/jdk-19/lib/src.zip!/jdk.incubator.concurrent" type="simple" />
            <root url="jar://C:/Program Files/Java/jdk-19/lib/src.zip!/jdk.internal.vm.compiler" type="simple" />
            <root url="jar://C:/Program Files/Java/jdk-19/lib/src.zip!/jdk.internal.vm.compiler.management" type="simple" />
          </root>
        </sourcePath>
      </roots>
      <additional />
    </jdk>
    <jdk version="2">
      <name value="17" />
      <type value="JavaSDK" />
      <version value="Oracle OpenJDK version 17.0.5" />
      <homePath value="C:/Program Files/Java/jdk-17.0.5" />
      <roots>
        <annotationsPath>
          <root type="composite">
            <root url="jar://$APPLICATION_HOME_DIR$/plugins/java/lib/resources/jdkAnnotations.jar!/" type="simple" />
          </root>
        </annotationsPath>
        <classPath>
          <root type="composite">
            <root url="jrt://C:/Program Files/Java/jdk-17.0.5!/java.base" type="simple" />
            <root url="jrt://C:/Program Files/Java/jdk-17.0.5!/java.compiler" type="simple" />
            <root url="jrt://C:/Program Files/Java/jdk-17.0.5!/java.datatransfer" type="simple" />
            <root url="jrt://C:/Program Files/Java/jdk-17.0.5!/java.desktop" type="simple" />
            <root url="jrt://C:/Program Files/Java/jdk-17.0.5!/java.instrument" type="simple" />
            <root url="jrt://C:/Program Files/Java/jdk-17.0.5!/java.logging" type="simple" />
            <root url="jrt://C:/Program Files/Java/jdk-17.0.5!/java.management" type="simple" />
            <root url="jrt://C:/Program Files/Java/jdk-17.0.5!/java.management.rmi" type="simple" />
            <root url="jrt://C:/Program Files/Java/jdk-17.0.5!/java.naming" type="simple" />
            <root url="jrt://C:/Program Files/Java/jdk-17.0.5!/java.net.http" type="simple" />
            <root url="jrt://C:/Program Files/Java/jdk-17.0.5!/java.prefs" type="simple" />
            <root url="jrt://C:/Program Files/Java/jdk-17.0.5!/java.rmi" type="simple" />
            <root url="jrt://C:/Program Files/Java/jdk-17.0.5!/java.scripting" type="simple" />
            <root url="jrt://C:/Program Files/Java/jdk-17.0.5!/java.se" type="simple" />
            <root url="jrt://C:/Program Files/Java/jdk-17.0.5!/java.security.jgss" type="simple" />
            <root url="jrt://C:/Program Files/Java/jdk-17.0.5!/java.security.sasl" type="simple" />
            <root url="jrt://C:/Program Files/Java/jdk-17.0.5!/java.smartcardio" type="simple" />
            <root url="jrt://C:/Program Files/Java/jdk-17.0.5!/java.sql" type="simple" />
            <root url="jrt://C:/Program Files/Java/jdk-17.0.5!/java.sql.rowset" type="simple" />
            <root url="jrt://C:/Program Files/Java/jdk-17.0.5!/java.transaction.xa" type="simple" />
            <root url="jrt://C:/Program Files/Java/jdk-17.0.5!/java.xml" type="simple" />
            <root url="jrt://C:/Program Files/Java/jdk-17.0.5!/java.xml.crypto" type="simple" />
            <root url="jrt://C:/Program Files/Java/jdk-17.0.5!/jdk.accessibility" type="simple" />
            <root url="jrt://C:/Program Files/Java/jdk-17.0.5!/jdk.attach" type="simple" />
            <root url="jrt://C:/Program Files/Java/jdk-17.0.5!/jdk.charsets" type="simple" />
            <root url="jrt://C:/Program Files/Java/jdk-17.0.5!/jdk.compiler" type="simple" />
            <root url="jrt://C:/Program Files/Java/jdk-17.0.5!/jdk.crypto.cryptoki" type="simple" />
            <root url="jrt://C:/Program Files/Java/jdk-17.0.5!/jdk.crypto.ec" type="simple" />
            <root url="jrt://C:/Program Files/Java/jdk-17.0.5!/jdk.crypto.mscapi" type="simple" />
            <root url="jrt://C:/Program Files/Java/jdk-17.0.5!/jdk.dynalink" type="simple" />
            <root url="jrt://C:/Program Files/Java/jdk-17.0.5!/jdk.editpad" type="simple" />
            <root url="jrt://C:/Program Files/Java/jdk-17.0.5!/jdk.hotspot.agent" type="simple" />
            <root url="jrt://C:/Program Files/Java/jdk-17.0.5!/jdk.httpserver" type="simple" />
            <root url="jrt://C:/Program Files/Java/jdk-17.0.5!/jdk.incubator.foreign" type="simple" />
            <root url="jrt://C:/Program Files/Java/jdk-17.0.5!/jdk.incubator.vector" type="simple" />
            <root url="jrt://C:/Program Files/Java/jdk-17.0.5!/jdk.internal.ed" type="simple" />
            <root url="jrt://C:/Program Files/Java/jdk-17.0.5!/jdk.internal.jvmstat" type="simple" />
            <root url="jrt://C:/Program Files/Java/jdk-17.0.5!/jdk.internal.le" type="simple" />
            <root url="jrt://C:/Program Files/Java/jdk-17.0.5!/jdk.internal.opt" type="simple" />
            <root url="jrt://C:/Program Files/Java/jdk-17.0.5!/jdk.internal.vm.ci" type="simple" />
            <root url="jrt://C:/Program Files/Java/jdk-17.0.5!/jdk.internal.vm.compiler" type="simple" />
            <root url="jrt://C:/Program Files/Java/jdk-17.0.5!/jdk.internal.vm.compiler.management" type="simple" />
            <root url="jrt://C:/Program Files/Java/jdk-17.0.5!/jdk.jartool" type="simple" />
            <root url="jrt://C:/Program Files/Java/jdk-17.0.5!/jdk.javadoc" type="simple" />
            <root url="jrt://C:/Program Files/Java/jdk-17.0.5!/jdk.jcmd" type="simple" />
            <root url="jrt://C:/Program Files/Java/jdk-17.0.5!/jdk.jconsole" type="simple" />
            <root url="jrt://C:/Program Files/Java/jdk-17.0.5!/jdk.jdeps" type="simple" />
            <root url="jrt://C:/Program Files/Java/jdk-17.0.5!/jdk.jdi" type="simple" />
            <root url="jrt://C:/Program Files/Java/jdk-17.0.5!/jdk.jdwp.agent" type="simple" />
            <root url="jrt://C:/Program Files/Java/jdk-17.0.5!/jdk.jfr" type="simple" />
            <root url="jrt://C:/Program Files/Java/jdk-17.0.5!/jdk.jlink" type="simple" />
            <root url="jrt://C:/Program Files/Java/jdk-17.0.5!/jdk.jpackage" type="simple" />
            <root url="jrt://C:/Program Files/Java/jdk-17.0.5!/jdk.jshell" type="simple" />
            <root url="jrt://C:/Program Files/Java/jdk-17.0.5!/jdk.jsobject" type="simple" />
            <root url="jrt://C:/Program Files/Java/jdk-17.0.5!/jdk.jstatd" type="simple" />
            <root url="jrt://C:/Program Files/Java/jdk-17.0.5!/jdk.localedata" type="simple" />
            <root url="jrt://C:/Program Files/Java/jdk-17.0.5!/jdk.management" type="simple" />
            <root url="jrt://C:/Program Files/Java/jdk-17.0.5!/jdk.management.agent" type="simple" />
            <root url="jrt://C:/Program Files/Java/jdk-17.0.5!/jdk.management.jfr" type="simple" />
            <root url="jrt://C:/Program Files/Java/jdk-17.0.5!/jdk.naming.dns" type="simple" />
            <root url="jrt://C:/Program Files/Java/jdk-17.0.5!/jdk.naming.rmi" type="simple" />
            <root url="jrt://C:/Program Files/Java/jdk-17.0.5!/jdk.net" type="simple" />
            <root url="jrt://C:/Program Files/Java/jdk-17.0.5!/jdk.nio.mapmode" type="simple" />
            <root url="jrt://C:/Program Files/Java/jdk-17.0.5!/jdk.random" type="simple" />
            <root url="jrt://C:/Program Files/Java/jdk-17.0.5!/jdk.sctp" type="simple" />
            <root url="jrt://C:/Program Files/Java/jdk-17.0.5!/jdk.security.auth" type="simple" />
            <root url="jrt://C:/Program Files/Java/jdk-17.0.5!/jdk.security.jgss" type="simple" />
            <root url="jrt://C:/Program Files/Java/jdk-17.0.5!/jdk.unsupported" type="simple" />
            <root url="jrt://C:/Program Files/Java/jdk-17.0.5!/jdk.unsupported.desktop" type="simple" />
            <root url="jrt://C:/Program Files/Java/jdk-17.0.5!/jdk.xml.dom" type="simple" />
            <root url="jrt://C:/Program Files/Java/jdk-17.0.5!/jdk.zipfs" type="simple" />
          </root>
        </classPath>
        <javadocPath>
          <root type="composite" />
        </javadocPath>
        <sourcePath>
          <root type="composite">
            <root url="jar://C:/Program Files/Java/jdk-17.0.5/lib/src.zip!/java.se" type="simple" />
            <root url="jar://C:/Program Files/Java/jdk-17.0.5/lib/src.zip!/jdk.jdi" type="simple" />
            <root url="jar://C:/Program Files/Java/jdk-17.0.5/lib/src.zip!/jdk.jfr" type="simple" />
            <root url="jar://C:/Program Files/Java/jdk-17.0.5/lib/src.zip!/jdk.net" type="simple" />
            <root url="jar://C:/Program Files/Java/jdk-17.0.5/lib/src.zip!/java.rmi" type="simple" />
            <root url="jar://C:/Program Files/Java/jdk-17.0.5/lib/src.zip!/java.sql" type="simple" />
            <root url="jar://C:/Program Files/Java/jdk-17.0.5/lib/src.zip!/java.xml" type="simple" />
            <root url="jar://C:/Program Files/Java/jdk-17.0.5/lib/src.zip!/jdk.jcmd" type="simple" />
            <root url="jar://C:/Program Files/Java/jdk-17.0.5/lib/src.zip!/jdk.sctp" type="simple" />
            <root url="jar://C:/Program Files/Java/jdk-17.0.5/lib/src.zip!/java.base" type="simple" />
            <root url="jar://C:/Program Files/Java/jdk-17.0.5/lib/src.zip!/jdk.jdeps" type="simple" />
            <root url="jar://C:/Program Files/Java/jdk-17.0.5/lib/src.zip!/jdk.jlink" type="simple" />
            <root url="jar://C:/Program Files/Java/jdk-17.0.5/lib/src.zip!/jdk.zipfs" type="simple" />
            <root url="jar://C:/Program Files/Java/jdk-17.0.5/lib/src.zip!/java.prefs" type="simple" />
            <root url="jar://C:/Program Files/Java/jdk-17.0.5/lib/src.zip!/jdk.attach" type="simple" />
            <root url="jar://C:/Program Files/Java/jdk-17.0.5/lib/src.zip!/jdk.jshell" type="simple" />
            <root url="jar://C:/Program Files/Java/jdk-17.0.5/lib/src.zip!/jdk.jstatd" type="simple" />
            <root url="jar://C:/Program Files/Java/jdk-17.0.5/lib/src.zip!/jdk.random" type="simple" />
            <root url="jar://C:/Program Files/Java/jdk-17.0.5/lib/src.zip!/java.naming" type="simple" />
            <root url="jar://C:/Program Files/Java/jdk-17.0.5/lib/src.zip!/jdk.editpad" type="simple" />
            <root url="jar://C:/Program Files/Java/jdk-17.0.5/lib/src.zip!/jdk.jartool" type="simple" />
            <root url="jar://C:/Program Files/Java/jdk-17.0.5/lib/src.zip!/jdk.javadoc" type="simple" />
            <root url="jar://C:/Program Files/Java/jdk-17.0.5/lib/src.zip!/jdk.xml.dom" type="simple" />
            <root url="jar://C:/Program Files/Java/jdk-17.0.5/lib/src.zip!/java.desktop" type="simple" />
            <root url="jar://C:/Program Files/Java/jdk-17.0.5/lib/src.zip!/java.logging" type="simple" />
            <root url="jar://C:/Program Files/Java/jdk-17.0.5/lib/src.zip!/jdk.charsets" type="simple" />
            <root url="jar://C:/Program Files/Java/jdk-17.0.5/lib/src.zip!/jdk.compiler" type="simple" />
            <root url="jar://C:/Program Files/Java/jdk-17.0.5/lib/src.zip!/jdk.dynalink" type="simple" />
            <root url="jar://C:/Program Files/Java/jdk-17.0.5/lib/src.zip!/jdk.jconsole" type="simple" />
            <root url="jar://C:/Program Files/Java/jdk-17.0.5/lib/src.zip!/jdk.jpackage" type="simple" />
            <root url="jar://C:/Program Files/Java/jdk-17.0.5/lib/src.zip!/jdk.jsobject" type="simple" />
            <root url="jar://C:/Program Files/Java/jdk-17.0.5/lib/src.zip!/java.compiler" type="simple" />
            <root url="jar://C:/Program Files/Java/jdk-17.0.5/lib/src.zip!/java.net.http" type="simple" />
            <root url="jar://C:/Program Files/Java/jdk-17.0.5/lib/src.zip!/jdk.crypto.ec" type="simple" />
            <root url="jar://C:/Program Files/Java/jdk-17.0.5/lib/src.zip!/java.scripting" type="simple" />
            <root url="jar://C:/Program Files/Java/jdk-17.0.5/lib/src.zip!/jdk.httpserver" type="simple" />
            <root url="jar://C:/Program Files/Java/jdk-17.0.5/lib/src.zip!/jdk.jdwp.agent" type="simple" />
            <root url="jar://C:/Program Files/Java/jdk-17.0.5/lib/src.zip!/jdk.localedata" type="simple" />
            <root url="jar://C:/Program Files/Java/jdk-17.0.5/lib/src.zip!/jdk.management" type="simple" />
            <root url="jar://C:/Program Files/Java/jdk-17.0.5/lib/src.zip!/jdk.naming.dns" type="simple" />
            <root url="jar://C:/Program Files/Java/jdk-17.0.5/lib/src.zip!/jdk.naming.rmi" type="simple" />
            <root url="jar://C:/Program Files/Java/jdk-17.0.5/lib/src.zip!/java.instrument" type="simple" />
            <root url="jar://C:/Program Files/Java/jdk-17.0.5/lib/src.zip!/java.management" type="simple" />
            <root url="jar://C:/Program Files/Java/jdk-17.0.5/lib/src.zip!/java.sql.rowset" type="simple" />
            <root url="jar://C:/Program Files/Java/jdk-17.0.5/lib/src.zip!/java.xml.crypto" type="simple" />
            <root url="jar://C:/Program Files/Java/jdk-17.0.5/lib/src.zip!/jdk.internal.ed" type="simple" />
            <root url="jar://C:/Program Files/Java/jdk-17.0.5/lib/src.zip!/jdk.internal.le" type="simple" />
            <root url="jar://C:/Program Files/Java/jdk-17.0.5/lib/src.zip!/jdk.nio.mapmode" type="simple" />
            <root url="jar://C:/Program Files/Java/jdk-17.0.5/lib/src.zip!/jdk.unsupported" type="simple" />
            <root url="jar://C:/Program Files/Java/jdk-17.0.5/lib/src.zip!/java.smartcardio" type="simple" />
            <root url="jar://C:/Program Files/Java/jdk-17.0.5/lib/src.zip!/jdk.internal.opt" type="simple" />
            <root url="jar://C:/Program Files/Java/jdk-17.0.5/lib/src.zip!/java.datatransfer" type="simple" />
            <root url="jar://C:/Program Files/Java/jdk-17.0.5/lib/src.zip!/jdk.accessibility" type="simple" />
            <root url="jar://C:/Program Files/Java/jdk-17.0.5/lib/src.zip!/jdk.crypto.mscapi" type="simple" />
            <root url="jar://C:/Program Files/Java/jdk-17.0.5/lib/src.zip!/jdk.hotspot.agent" type="simple" />
            <root url="jar://C:/Program Files/Java/jdk-17.0.5/lib/src.zip!/jdk.security.auth" type="simple" />
            <root url="jar://C:/Program Files/Java/jdk-17.0.5/lib/src.zip!/jdk.security.jgss" type="simple" />
            <root url="jar://C:/Program Files/Java/jdk-17.0.5/lib/src.zip!/java.security.jgss" type="simple" />
            <root url="jar://C:/Program Files/Java/jdk-17.0.5/lib/src.zip!/java.security.sasl" type="simple" />
            <root url="jar://C:/Program Files/Java/jdk-17.0.5/lib/src.zip!/jdk.internal.vm.ci" type="simple" />
            <root url="jar://C:/Program Files/Java/jdk-17.0.5/lib/src.zip!/jdk.management.jfr" type="simple" />
            <root url="jar://C:/Program Files/Java/jdk-17.0.5/lib/src.zip!/java.management.rmi" type="simple" />
            <root url="jar://C:/Program Files/Java/jdk-17.0.5/lib/src.zip!/java.transaction.xa" type="simple" />
            <root url="jar://C:/Program Files/Java/jdk-17.0.5/lib/src.zip!/jdk.crypto.cryptoki" type="simple" />
            <root url="jar://C:/Program Files/Java/jdk-17.0.5/lib/src.zip!/jdk.incubator.vector" type="simple" />
            <root url="jar://C:/Program Files/Java/jdk-17.0.5/lib/src.zip!/jdk.internal.jvmstat" type="simple" />
            <root url="jar://C:/Program Files/Java/jdk-17.0.5/lib/src.zip!/jdk.management.agent" type="simple" />
            <root url="jar://C:/Program Files/Java/jdk-17.0.5/lib/src.zip!/jdk.incubator.foreign" type="simple" />
            <root url="jar://C:/Program Files/Java/jdk-17.0.5/lib/src.zip!/jdk.unsupported.desktop" type="simple" />
            <root url="jar://C:/Program Files/Java/jdk-17.0.5/lib/src.zip!/jdk.internal.vm.compiler" type="simple" />
            <root url="jar://C:/Program Files/Java/jdk-17.0.5/lib/src.zip!/jdk.internal.vm.compiler.management" type="simple" />
          </root>
        </sourcePath>
      </roots>
      <additional />
    </jdk>
  </component>
</application>